"","ID","Description","GeneRatio","BgRatio","RichFactor","FoldEnrichment","zScore","pvalue","p.adjust","qvalue","geneID","Count"
"GO:0030638","GO:0030638","polyketide metabolic process","5/268","10/18842",0.5,35.1529850746269,12.9761870370786,1.3334461074496e-07,0.00021401810024566,2.77266286374822e-05,"AKR1C1/AKR1C2/AKR1C3/AKR1C4/AKR1B10",5
"GO:0044598","GO:0044598","doxorubicin metabolic process","5/268","10/18842",0.5,35.1529850746269,12.9761870370786,1.3334461074496e-07,0.00021401810024566,2.77266286374822e-05,"AKR1C1/AKR1C2/AKR1C3/AKR1C4/AKR1B10",5
"GO:0050792","GO:0050792","regulation of viral process","12/268","136/18842",0.0882352941176471,6.20346795434592,7.31540752430515,5.69532062888318e-07,0.0006093993072905,7.89493424424751e-05,"TRIM31/CXCL8/IFIH1/OAS1/OAS3/SP100/TMPRSS2/ISG15/MID2/MX1/OASL/LAMP3",12
"GO:0048525","GO:0048525","negative regulation of viral process","9/268","74/18842",0.121621621621622,8.55072609923356,7.81739812497897,1.02746396183623e-06,0.000824539829373575,0.000106821383890485,"TRIM31/IFIH1/OAS1/OAS3/SP100/ISG15/MID2/MX1/OASL",9
"GO:0042448","GO:0042448","progesterone metabolic process","5/268","15/18842",0.333333333333333,23.4353233830846,10.4412874776176,1.49889016312725e-06,0.000962287484727693,0.000124666968358825,"AKR1C1/AKR1C2/AKR1C3/AKR1C4/HSD3B1",5
"GO:0016137","GO:0016137","glycoside metabolic process","5/268","17/18842",0.294117647058824,20.6782265144864,9.75011133432897,3.01738872936369e-06,0.00121072722765718,0.000156853014693647,"AKR1C1/AKR1C2/AKR1C3/AKR1C4/AKR1B10",5
"GO:0072567","GO:0072567","chemokine (C-X-C motif) ligand 2 production","5/268","17/18842",0.294117647058824,20.6782265144864,9.75011133432897,3.01738872936369e-06,0.00121072722765718,0.000156853014693647,"KLF4/TGFB1/OAS1/OAS3/F2RL1",5
"GO:2000341","GO:2000341","regulation of chemokine (C-X-C motif) ligand 2 production","5/268","17/18842",0.294117647058824,20.6782265144864,9.75011133432897,3.01738872936369e-06,0.00121072722765718,0.000156853014693647,"KLF4/TGFB1/OAS1/OAS3/F2RL1",5
"GO:0070106","GO:0070106","interleukin-27-mediated signaling pathway","4/268","10/18842",0.4,28.1223880597015,10.3049610330074,7.85734243641103e-06,0.00266216280148592,0.000344890452184154,"OAS1/OAS3/MX1/OASL",4
"GO:0008207","GO:0008207","C21-steroid hormone metabolic process","6/268","35/18842",0.171428571428571,12.0524520255864,7.86139375794551,8.98806855563815e-06,0.00266216280148592,0.000344890452184154,"AKR1C1/AKR1C2/AKR1C3/AKR1C4/HSD3B1/AKR1D1",6
"GO:0140374","GO:0140374","antiviral innate immune response","8/268","73/18842",0.10958904109589,7.70476385197301,6.8943130622722,9.12267626677419e-06,0.00266216280148592,0.000344890452184154,"IFIT3/TRIM31/IFIH1/OAS1/OAS3/IFIT2/MX1/OASL",8
"GO:0019748","GO:0019748","secondary metabolic process","7/268","58/18842",0.120689655172414,8.48520329387545,6.85788515907565,1.76271638246811e-05,0.00471526632310218,0.000610875613405654,"AKR1C1/AKR1C2/FMO1/ZEB2/AKR1C3/AKR1C4/AKR1B10",7
"GO:1902644","GO:1902644","tertiary alcohol metabolic process","5/268","24/18842",0.208333333333333,14.6470771144279,8.0357272150154,1.91025826874937e-05,0.00471686849437345,0.000611083179063891,"AKR1C1/AKR1C2/AKR1C3/AKR1C4/AKR1B10",5
"GO:0010817","GO:0010817","regulation of hormone levels","20/268","487/18842",0.0410677618069815,2.8873088356983,5.06870376982706,2.35115795814508e-05,0.00539086931831835,0.000698401824194497,"UGT2B10/TUBB1/UGT2B11/AKR1C1/UGT2B4/ADCYAP1/AKR1C2/CYP2C18/RAB3A/EDN1/TFR2/AKR1C3/CLTRN/AKR1C4/ACE2/HSD3B1/AKR1D1/AKR1B10/FGB/ANXA1",20
"GO:1903900","GO:1903900","regulation of viral life cycle","9/268","110/18842",0.0818181818181818,5.75230664857531,6.00447962529367,2.76614217409427e-05,0.00591954425256173,0.000766893103926846,"CXCL8/IFIH1/OAS1/OAS3/TMPRSS2/ISG15/MX1/OASL/LAMP3",9
"GO:0045071","GO:0045071","negative regulation of viral genome replication","6/268","48/18842",0.125,8.78824626865672,6.48959111404034,5.82105037225073e-05,0.0106483573803158,0.00137952374282509,"IFIH1/OAS1/OAS3/ISG15/MX1/OASL",6
"GO:0007586","GO:0007586","digestion","9/268","122/18842",0.0737704918032787,5.18650599461708,5.57243949609066,6.26653843438963e-05,0.0106483573803158,0.00137952374282509,"TFF3/PPARGC1A/AKR1C1/HEPH/NR1I2/AKR1C2/MUC13/TFF2/AKR1D1",9
"GO:0032602","GO:0032602","chemokine production","8/268","95/18842",0.0842105263157895,5.92050274941084,5.77526667800627,6.30276605065421e-05,0.0106483573803158,0.00137952374282509,"KLF4/ADCYAP1/CXCL8/TGFB1/IL18/OAS1/OAS3/F2RL1",8
"GO:0032642","GO:0032642","regulation of chemokine production","8/268","95/18842",0.0842105263157895,5.92050274941084,5.77526667800627,6.30276605065421e-05,0.0106483573803158,0.00137952374282509,"KLF4/ADCYAP1/CXCL8/TGFB1/IL18/OAS1/OAS3/F2RL1",8
"GO:0043065","GO:0043065","positive regulation of apoptotic process","19/268","484/18842",0.0392561983471074,2.75994510916492,4.71167983724005,6.89229404443523e-05,0.0110621319413185,0.0014331293658046,"GADD45B/ANKRD1/SFRP4/GRIK2/PRNP/PHLDA1/RGCC/LPAR1/TXNIP/TGFB1/DUSP1/AKR1C3/ATF3/MAP3K5/IFIT2/SCIN/BNIP3/HRK/ANXA1",19
"GO:0042445","GO:0042445","hormone metabolic process","12/268","219/18842",0.0547945205479452,3.85238192598651,5.10001628517984,7.4103280299927e-05,0.0113272157029888,0.00146747169016513,"UGT2B10/UGT2B11/AKR1C1/UGT2B4/AKR1C2/CYP2C18/AKR1C3/AKR1C4/ACE2/HSD3B1/AKR1D1/AKR1B10",12
"GO:0048660","GO:0048660","regulation of smooth muscle cell proliferation","10/268","160/18842",0.0625,4.39412313432836,5.17895995012754,0.000100418498253123,0.0137504207978565,0.00178140451968155,"KLF4/PPARGC1A/RGCC/EDN1/TGFB1/EREG/IL18/NOX1/ACE2/CNN1",10
"GO:0001819","GO:0001819","positive regulation of cytokine production","19/268","499/18842",0.0380761523046092,2.67698082732629,4.56047246999242,0.000102878228029197,0.0137504207978565,0.00178140451968155,"SERPINE1/IL23A/ADCYAP1/SECTM1/RGCC/TGFB1/EREG/IL18/IFIH1/OAS1/OAS3/NOX1/BATF/LUM/TNFRSF14/ISG15/SULF2/F2RL1/ANXA1",19
"GO:0060973","GO:0060973","cell migration involved in heart development","4/268","18/18842",0.222222222222222,15.6235489220564,7.45589406797985,0.000104656907989186,0.0137504207978565,0.00178140451968155,"SEMA3C/DCHS1/PITX2/EDN1",4
"GO:0070371","GO:0070371","ERK1 and ERK2 cascade","14/268","300/18842",0.0466666666666667,3.28094527363184,4.78369911531914,0.000107090504656203,0.0137504207978565,0.00178140451968155,"KLF4/CCN1/ADCYAP1/APELA/EPO/EDN1/TGFB1/DUSP1/ATF3/ACE2/TNFRSF14/CD44/F2RL1/FGB",14
"GO:0045069","GO:0045069","regulation of viral genome replication","7/268","77/18842",0.0909090909090909,6.39145183175034,5.69434084281337,0.000112069720304676,0.0138363000837696,0.00179253041541389,"CXCL8/IFIH1/OAS1/OAS3/ISG15/MX1/OASL",7
"GO:0048659","GO:0048659","smooth muscle cell proliferation","10/268","163/18842",0.0613496932515337,4.3132497024082,5.10314384247387,0.000117134530451051,0.0139259941758472,0.00180415052969,"KLF4/PPARGC1A/RGCC/EDN1/TGFB1/EREG/IL18/NOX1/ACE2/CNN1",10
"GO:0051607","GO:0051607","defense response to virus","14/268","305/18842",0.0459016393442623,3.22715928553952,4.71029518763153,0.000127393462561437,0.0146047505293648,0.00189208526664782,"IL23A/IFIT3/DDX60/TRIM31/IFIH1/OAS1/OAS3/IFIT2/ISG15/MID2/BNIP3/F2RL1/MX1/OASL",14
"GO:0042542","GO:0042542","response to hydrogen peroxide","7/268","83/18842",0.0843373493975904,5.92941916921417,5.40625598119488,0.000179991062007588,0.0195715090284111,0.00253554237741109,"KLF4/TXNIP/EDN1/AREG/DUSP1/MAP3K5/BNIP3",7
"GO:0030198","GO:0030198","extracellular matrix organization","13/268","278/18842",0.0467625899280576,3.28768925158381,4.61583526650196,0.000184414270658131,0.0195715090284111,0.00253554237741109,"APLP1/MMP24/PRICKLE1/COL11A1/RGCC/TGFB1/TLL1/THSD4/NTN4/LUM/CTSS/SULF2/HMCN1",13
"GO:0043062","GO:0043062","extracellular structure organization","13/268","279/18842",0.046594982078853,3.27590541914086,4.60043480426967,0.000191016051061764,0.0195715090284111,0.00253554237741109,"APLP1/MMP24/PRICKLE1/COL11A1/RGCC/TGFB1/TLL1/THSD4/NTN4/LUM/CTSS/SULF2/HMCN1",13
"GO:0045229","GO:0045229","external encapsulating structure organization","13/268","280/18842",0.0464285714285714,3.26420575692964,4.5851038114094,0.000197819776119261,0.0195715090284111,0.00253554237741109,"APLP1/MMP24/PRICKLE1/COL11A1/RGCC/TGFB1/TLL1/THSD4/NTN4/LUM/CTSS/SULF2/HMCN1",13
"GO:0009615","GO:0009615","response to virus","16/268","400/18842",0.04,2.81223880597015,4.40056118590364,0.000209024296035799,0.0195715090284111,0.00253554237741109,"CXCL12/IL23A/IFIT3/DDX60/TRIM31/TGFB1/IFIH1/OAS1/OAS3/IFIT2/ISG15/MID2/BNIP3/F2RL1/MX1/OASL",16
"GO:0006935","GO:0006935","chemotaxis","17/268","443/18842",0.0383747178329571,2.69797176644992,4.34412055718107,0.000217158769330969,0.0195715090284111,0.00253554237741109,"SEMA3C/CXCL12/CCN1/CXCL5/SERPINE1/IL23A/LEF1/LPAR1/L1CAM/EDN1/CXCL8/TGFB1/DUSP1/PIK3C2G/PLCB2/F2RL1/ANXA1",17
"GO:0042330","GO:0042330","taxis","17/268","443/18842",0.0383747178329571,2.69797176644992,4.34412055718107,0.000217158769330969,0.0195715090284111,0.00253554237741109,"SEMA3C/CXCL12/CCN1/CXCL5/SERPINE1/IL23A/LEF1/LPAR1/L1CAM/EDN1/CXCL8/TGFB1/DUSP1/PIK3C2G/PLCB2/F2RL1/ANXA1",17
"GO:0070372","GO:0070372","regulation of ERK1 and ERK2 cascade","13/268","283/18842",0.0459363957597173,3.22960286904699,4.53952171208544,0.000219493559197134,0.0195715090284111,0.00253554237741109,"KLF4/CCN1/ADCYAP1/APELA/EPO/TGFB1/DUSP1/ATF3/ACE2/TNFRSF14/CD44/F2RL1/FGB",13
"GO:0002822","GO:0002822","regulation of adaptive immune response based on somatic recombination of immune receptors built from immunoglobulin superfamily domains","10/268","178/18842",0.0561797752808989,3.94977360389066,4.74966494652389,0.000240352715828187,0.020214736386812,0.00261887423614349,"MR1/JUNB/IL23A/SECTM1/ARG1/TGFB1/IL18/BATF/TNFRSF14/ANXA1",10
"GO:0046006","GO:0046006","regulation of activated T cell proliferation","5/268","40/18842",0.125,8.78824626865672,5.92289861085071,0.000245599600961267,0.020214736386812,0.00261887423614349,"IL23A/ARG1/EPO/PRNP/IL18",5
"GO:0071398","GO:0071398","cellular response to fatty acid","5/268","40/18842",0.125,8.78824626865672,5.92289861085071,0.000245599600961267,0.020214736386812,0.00261887423614349,"AKR1C1/AKR1C2/EDN1/AKR1C3/AKR1C4",5
"GO:0050798","GO:0050798","activated T cell proliferation","5/268","41/18842",0.121951219512195,8.57389879868948,5.83159832692074,0.000276491106915346,0.0221884113299565,0.00287456920837648,"IL23A/ARG1/EPO/PRNP/IL18",5
"GO:0061307","GO:0061307","cardiac neural crest cell differentiation involved in heart development","3/268","10/18842",0.3,21.0917910447761,7.63373502893626,0.000317117054839576,0.0233647574448591,0.00302696805613567,"SEMA3C/PITX2/EDN1",3
"GO:0061308","GO:0061308","cardiac neural crest cell development involved in heart development","3/268","10/18842",0.3,21.0917910447761,7.63373502893626,0.000317117054839576,0.0233647574448591,0.00302696805613567,"SEMA3C/PITX2/EDN1",3
"GO:0061309","GO:0061309","cardiac neural crest cell development involved in outflow tract morphogenesis","3/268","10/18842",0.3,21.0917910447761,7.63373502893626,0.000317117054839576,0.0233647574448591,0.00302696805613567,"SEMA3C/PITX2/EDN1",3
"GO:0032722","GO:0032722","positive regulation of chemokine production","6/268","65/18842",0.0923076923076923,6.48978185993111,5.32556039489055,0.000320264588029221,0.0233647574448591,0.00302696805613567,"ADCYAP1/TGFB1/IL18/OAS1/OAS3/F2RL1",6
"GO:0042554","GO:0042554","superoxide anion generation","5/268","43/18842",0.116279069767442,8.17511280805276,5.65799082067,0.0003470266675317,0.0242164261473208,0.00313730405953079,"EDN1/TGFB1/NCF2/NOX1/F2RL1",5
"GO:0045622","GO:0045622","regulation of T-helper cell differentiation","5/268","43/18842",0.116279069767442,8.17511280805276,5.65799082067,0.0003470266675317,0.0242164261473208,0.00313730405953079,"JUNB/IL23A/IL18/BATF/ANXA1",5
"GO:0048167","GO:0048167","regulation of synaptic plasticity","10/268","188/18842",0.0531914893617021,3.73967926325818,4.53481226066428,0.000372027048245088,0.0254086558482283,0.00329176066918061,"VGF/SORCS2/BEST1/PLK2/GRIK2/PRNP/RAB3A/IGSF11/UNC13C/MAP1A",10
"GO:0030277","GO:0030277","maintenance of gastrointestinal epithelium","4/268","25/18842",0.16,11.2489552238806,6.15943758598015,0.000400053593040459,0.02649959638136,0.00343309499087115,"TFF3/NR1I2/MUC13/TFF2",4
"GO:0002819","GO:0002819","regulation of adaptive immune response","10/268","190/18842",0.0526315789473684,3.70031421838177,4.49360662817239,0.000404510972799576,0.02649959638136,0.00343309499087115,"MR1/JUNB/IL23A/SECTM1/ARG1/TGFB1/IL18/BATF/TNFRSF14/ANXA1",10
"GO:0039530","GO:0039530","MDA-5 signaling pathway","3/268","11/18842",0.272727272727273,19.174355495251,7.24244691776232,0.000431457507530266,0.0276995719834431,0.00358855510314579,"DDX60/IFIH1/OAS3",3
"GO:0039529","GO:0039529","RIG-I signaling pathway","4/268","27/18842",0.148148148148148,10.4156992813709,5.88097050804874,0.000542756602969238,0.0338186368973805,0.00438129665296166,"DDX60/BIRC3/OAS3/OASL",4
"GO:0010594","GO:0010594","regulation of endothelial cell migration","11/268","234/18842",0.047008547008547,3.3049815027427,4.2617912733441,0.00054784084693576,0.0338186368973805,0.00438129665296166,"KLF4/ANXA3/PLK2/FUT1/RGCC/EDN1/TGFB1/HDAC9/SP100/ANXA1/AKT3",11
"GO:0006693","GO:0006693","prostaglandin metabolic process","5/268","48/18842",0.104166666666667,7.32353855721393,5.26911684795311,0.000582640941020426,0.0352882532202937,0.00457168945608543,"AKR1C1/AKR1C2/EDN1/AKR1C3/AKR1C4",5
"GO:0071711","GO:0071711","basement membrane organization","4/268","28/18842",0.142857142857143,10.043710021322,5.75243507432778,0.000626189014245741,0.0372234580690524,0.00482240052266062,"PRICKLE1/NTN4/CTSS/HMCN1",4
"GO:0010595","GO:0010595","positive regulation of endothelial cell migration","8/268","133/18842",0.0601503759398496,4.22893053529346,4.48875483806626,0.000639524720433492,0.0373249882289365,0.00483555403180485,"ANXA3/PLK2/FUT1/EDN1/TGFB1/HDAC9/ANXA1/AKT3",8
"GO:0006692","GO:0006692","prostanoid metabolic process","5/268","50/18842",0.1,7.03059701492537,5.12891450619377,0.000704489495483262,0.0397379154850181,0.00514815533927295,"AKR1C1/AKR1C2/EDN1/AKR1C3/AKR1C4",5
"GO:0050921","GO:0050921","positive regulation of chemotaxis","8/268","135/18842",0.0592592592592593,4.16627971254837,4.43486843521131,0.000705626536649854,0.0397379154850181,0.00514815533927295,"CXCL12/SERPINE1/IL23A/LPAR1/EDN1/CXCL8/TGFB1/F2RL1",8
"GO:1901342","GO:1901342","regulation of vasculature development","14/268","362/18842",0.0386740331491713,2.71901542013688,3.96688605067633,0.000719007549174678,0.0397933488422537,0.00515533688190153,"CXCL12/KLF4/TSPAN12/SERPINE1/ANXA3/APELA/PLK2/FUT1/ADGRB3/RGCC/CXCL8/TGFB1/SP100/AKT3",14
"GO:0042742","GO:0042742","defense response to bacterium","13/268","322/18842",0.0403726708074534,2.83843978863447,3.99690206121189,0.000746607401876318,0.0406205044071691,0.00526249714146608,"MR1/VGF/SERPINE1/IL23A/ANXA3/IL18/OAS1/LYZ/OAS3/TNFRSF14/ISG15/F2RL1/FGB",13
"GO:0019058","GO:0019058","viral life cycle","12/268","284/18842",0.0422535211267606,2.97067479503889,4.01952929307854,0.000799195912625729,0.0427569813254765,0.00553928355363619,"TRIM31/CXCL8/IFIH1/OAS1/OAS3/TMPRSS2/ACE2/TNFRSF14/ISG15/MX1/OASL/LAMP3",12
"GO:0002687","GO:0002687","positive regulation of leukocyte migration","8/268","139/18842",0.0575539568345324,4.04638677118007,4.33015512740099,0.000854339943210957,0.0445875550058966,0.00577643936696365,"CXCL12/SERPINE1/IL23A/EDN1/CXCL8/TGFB1/TNFRSF14/F2RL1",8
"GO:0008544","GO:0008544","epidermis development","12/268","287/18842",0.0418118466898955,2.93962244526496,3.97735468437953,0.000875521034844366,0.0445875550058966,0.00577643936696365,"KLF4/SFRP4/LAMC2/OVOL1/PITX2/TXNIP/EREG/IL18/AKR1C3/LAMA3/ANXA1/EXPH5",12
"GO:0002685","GO:0002685","regulation of leukocyte migration","10/268","210/18842",0.0476190476190476,3.34790334044065,4.10985759980552,0.000880016126687099,0.0445875550058966,0.00577643936696365,"CXCL12/SERPINE1/IL23A/EDN1/CXCL8/TGFB1/DUSP1/TNFRSF14/F2RL1/ANXA1",10
"GO:0033002","GO:0033002","muscle cell proliferation","10/268","211/18842",0.0473933649289099,3.33203649996463,4.09190120401239,0.000912477992683468,0.0445875550058966,0.00577643936696365,"KLF4/PPARGC1A/RGCC/EDN1/TGFB1/EREG/IL18/NOX1/ACE2/CNN1",10
"GO:0140467","GO:0140467","integrated stress response signaling","5/268","53/18842",0.0943396226415094,6.63263869332582,4.93247220924769,0.00092171917705363,0.0445875550058966,0.00577643936696365,"JUNB/PPP1R15A/CEBPD/BATF/AKT3",5
"GO:0045064","GO:0045064","T-helper 2 cell differentiation","3/268","14/18842",0.214285714285714,15.0655650319829,6.32391111662452,0.000922192591865281,0.0445875550058966,0.00577643936696365,"IL18/BATF/ANXA1",3
"GO:0032682","GO:0032682","negative regulation of chemokine production","4/268","31/18842",0.129032258064516,9.07173808377467,5.40267219418376,0.000930643671462639,0.0445875550058966,0.00577643936696365,"KLF4/OAS1/OAS3/F2RL1",4
"GO:0043542","GO:0043542","endothelial cell migration","12/268","290/18842",0.0413793103448276,2.90921255790015,3.9357233611089,0.000957836786928538,0.0447674946506962,0.00579975103874652,"KLF4/ANXA3/PLK2/FUT1/RGCC/EDN1/TGFB1/ZEB2/HDAC9/SP100/ANXA1/AKT3",12
"GO:0031960","GO:0031960","response to corticosteroid","8/268","142/18842",0.0563380281690141,3.96089972671852,4.25415902262206,0.000981595250797155,0.0447674946506962,0.00579975103874652,"EPO/TDO2/EDN1/AREG/TGFB1/DUSP1/AKR1C3/ANXA1",8
"GO:0019079","GO:0019079","viral genome replication","7/268","110/18842",0.0636363636363636,4.47401628222524,4.38937583937548,0.000997354375608645,0.0447674946506962,0.00579975103874652,"CXCL8/IFIH1/OAS1/OAS3/ISG15/MX1/OASL",7
"GO:0002347","GO:0002347","response to tumor cell","5/268","54/18842",0.0925925925925926,6.50981205085683,4.87034851634869,0.00100413072113711,0.0447674946506962,0.00579975103874652,"KLF4/MR1/TXNIP/TGFB1/TNFRSF14",5
"GO:0043370","GO:0043370","regulation of CD4-positive, alpha-beta T cell differentiation","5/268","54/18842",0.0925925925925926,6.50981205085683,4.87034851634869,0.00100413072113711,0.0447674946506962,0.00579975103874652,"JUNB/IL23A/IL18/BATF/ANXA1",5
"GO:0002287","GO:0002287","alpha-beta T cell activation involved in immune response","6/268","81/18842",0.0740740740740741,5.20784964068546,4.55870386988136,0.00104165098486665,0.0458041049509857,0.00593404673058251,"JUNB/IL23A/LEF1/IL18/BATF/ANXA1",6
"GO:0051047","GO:0051047","positive regulation of secretion","12/268","294/18842",0.0408163265306122,2.86963143466342,3.88103691986251,0.00107753391201425,0.0462836041788163,0.0059961671634186,"CXCL12/ANKRD1/ADCYAP1/RAB3A/RGCC/EDN1/TGFB1/TFR2/SCIN/F2RL1/FGB/EXPH5",12
"GO:0071466","GO:0071466","cellular response to xenobiotic stimulus","9/268","179/18842",0.0502793296089385,3.53493704661052,4.09326269142117,0.00108139262100038,0.0462836041788163,0.0059961671634186,"UGT2B11/AKR1C1/UGT2B4/NR1I2/ANKRD1/CYP2C18/EDN1/NAT2/SLC22A7",9
"GO:0071360","GO:0071360","cellular response to exogenous dsRNA","3/268","15/18842",0.2,14.0611940298507,6.07861448386505,0.00114067006364225,0.0481783013722583,0.00624163035275981,"IFIH1/OAS1/OAS3",3
"GO:0051153","GO:0051153","regulation of striated muscle cell differentiation","6/268","83/18842",0.072289156626506,5.08235928789786,4.47725757537934,0.00118324163135618,0.049327345930563,0.00639049220939467,"BDNF/RBM24/BHLHE41/EDN1/TGFB1/HDAC9",6
