"Gene","Expressao_Media","Log2_FoldChange","P_Valor","FDR_Ajustado"
"BCL2L1",7722.2,0.453,"1.88e-04","4.74e-03"
"MAP3K5",12.6,2.095,"4.22e-04","8.95e-03"
"AKT3",21.1,1.596,"4.46e-04","9.31e-03"
"PDK1",4167.6,-0.964,"3.99e-03","4.97e-02"
"CDKN1A",44.9,0.722,"1.88e-02","1.50e-01"
"BAX",1193.9,0.194,"3.82e-02","2.34e-01"
"BCL2",14.5,0.662,"9.66e-02","4.01e-01"
"CDK1",7332.5,-0.161,"2.51e-01","6.41e-01"
"PIK3CA",2460.5,0.097,"2.96e-01","6.85e-01"
"CDK2",3395.1,0.085,"3.39e-01","7.22e-01"
"AKT1",2950,-0.11,"3.79e-01","7.53e-01"
"AKT2",2976.3,-0.117,"3.89e-01","7.62e-01"
"TP53",3549.3,-0.108,"4.02e-01","7.69e-01"
"PDPK1",1313.8,0.069,"4.94e-01","8.27e-01"
"GRB2",4134,-0.059,"5.40e-01","8.53e-01"
"PTEN",3578.8,-0.095,"5.50e-01","8.58e-01"
"PIK3CB",1569.4,-0.062,"6.02e-01","8.78e-01"
"MAPK9",2518.3,-0.035,"6.57e-01","9.03e-01"
"GAB1",2335.5,-0.016,"8.94e-01","9.78e-01"
"PIK3R1",2077,-0.015,"9.13e-01","9.82e-01"
